{"UW hit": 6.1, "beta": [[1.569595299120858, 3.0459782131159567], 273019.7222497593, {"warnflag": 0, "task": "CONVERGENCE: REL_REDUCTION_OF_F_<=_FACTR*EPSMCH", "grad": [0.0026143639940698904, 0.007281148332197063], "nit": 4, "funcalls": 5}], "train set": [305, 981, 876, 219, 805, 44, 712, 213, 948, 84], "test set": [458, 106, 164, 386, 11, 576, 222, 309, 745, 260, 23, 257, 419, 694, 684, 275, 102, 792, 238, 117], "SRW hit": 7.0}
